outcome_name,Pitcher,Rest,Season WL,Season ERA,Season WHIP,Last 3 WL,Last 3 IP,Last 3 ERA,Last 3 WHIP,K,HR,Team WLCS,Streak WL,Streak O/U,id,commence_time,home_team,away_team,odds,imp_probability,true_probability
Milwaukee Brewers,Ross (R),6,1-1,4.91,1.64,1-1,14.00,4.91,1.64,14,0,4-1,W4,U1,e67813c1e1cee34d067e4bd168615313,2024-04-22 22:40:00+00:00,Pittsburgh Pirates,Milwaukee Brewers,125.0, 0.44%, 0.43%
Pittsburgh Pirates,Jones (R),5,1-2,3.13,0.78,0-2,17.00,2.60,0.75,22,4,1-1,L6,U2,e67813c1e1cee34d067e4bd168615313,2024-04-22 22:40:00+00:00,Pittsburgh Pirates,Milwaukee Brewers,-150.0, 0.60%, 0.57%
Philadelphia Phillies,Suarez (L),5,3-0,1.73,0.77,3-0,21.00,0.86,0.76,20,1,2-1,W6,O2,2b8730a2d062752e6b2fc0c67138e37d,2024-04-22 22:40:00+00:00,Cincinnati Reds,Philadelphia Phillies,-110.0, 0.52%, 0.50%
Cincinnati Reds,Greene (R),5,0-1,4.35,1.31,0-1,16.00,4.50,1.12,23,2,3-3,W3,U1,2b8730a2d062752e6b2fc0c67138e37d,2024-04-22 22:40:00+00:00,Cincinnati Reds,Philadelphia Phillies,-110.0, 0.52%, 0.50%
Miami Marlins,Weathers (L),5,2-1,2.70,1.35,2-0,16.00,1.69,1.12,17,2,1-3,W1,O1,ac089948df92d146990c70eedd0dbaaa,2024-04-22 23:20:00+00:00,Atlanta Braves,Miami Marlins,165.0, 0.38%, 0.36%
Atlanta Braves,Elder (R),39,0-0,0.00,0.00,0-0,0.00,0.00,0.00,0,0,5-2,L1,O1,ac089948df92d146990c70eedd0dbaaa,2024-04-22 23:20:00+00:00,Atlanta Braves,Miami Marlins,-210.0, 0.68%, 0.64%
Arizona Diamondbacks,Pfaadt (R),4,1-1,5.32,1.23,0-1,18.00,6.27,1.29,17,4,2-4,W1,O3,e1eafb8d9e5ab04c0a6e852a3ad72c3f,2024-04-22 23:45:00+00:00,St. Louis Cardinals,Arizona Diamondbacks,-105.0, 0.51%, 0.49%
St. Louis Cardinals,Lynn (R),5,1-0,2.18,1.21,1-0,16.00,2.70,1.20,14,4,1-2,L4,U1,e1eafb8d9e5ab04c0a6e852a3ad72c3f,2024-04-22 23:45:00+00:00,St. Louis Cardinals,Arizona Diamondbacks,-115.0, 0.53%, 0.51%
San Diego Padres,Cease (R),5,2-1,1.99,0.93,2-0,18.00,1.50,0.94,21,1,4-1,W1,O1,cdd1a83d7c15ce5c3d79aebd65c8f3f4,2024-04-23 00:40:00+00:00,Colorado Rockies,San Diego Padres,-180.0, 0.64%, 0.62%
Colorado Rockies,Gomber (L),5,0-1,4.95,1.50,0-1,15.00,4.11,1.37,15,2,1-4,L1,O1,cdd1a83d7c15ce5c3d79aebd65c8f3f4,2024-04-23 00:40:00+00:00,Colorado Rockies,San Diego Padres,150.0, 0.40%, 0.38%
New York Mets,Quintana (L),5,1-1,3.05,1.50,1-0,16.00,2.81,1.44,12,1,3-1,L1,O4,df6d58d2d972646454db7798a9eed23a,2024-04-23 01:45:00+00:00,San Francisco Giants,New York Mets,100.0, 0.50%, 0.48%
San Francisco Giants,Winn (R),4,1-3,4.09,1.09,1-2,17.00,3.71,1.12,11,2,1-4,L1,O3,df6d58d2d972646454db7798a9eed23a,2024-04-23 01:45:00+00:00,San Francisco Giants,New York Mets,-120.0, 0.55%, 0.52%
Detroit Tigers,Skubal (L),4,2-0,2.28,0.80,1-0,17.00,3.06,0.91,20,2,0-0,W1,U1,afb3c8409b38fe4c9e7be0cec5a6cae2,2024-04-22 22:50:00+00:00,Tampa Bay Rays,Detroit Tigers,-110.0, 0.52%, 0.50%
Tampa Bay Rays,Littell (R),4,1-0,2.14,1.33,0-0,15.00,3.00,1.47,16,1,4-3,L1,O1,afb3c8409b38fe4c9e7be0cec5a6cae2,2024-04-22 22:50:00+00:00,Tampa Bay Rays,Detroit Tigers,-110.0, 0.52%, 0.50%
Toronto Blue Jays,Kikuchi (L),5,1-1,2.08,1.15,1-0,17.00,1.04,0.92,25,0,3-3,L1,O1,f8d7d00bfbe5c13ca697bb696e880969,2024-04-22 23:40:00+00:00,Kansas City Royals,Toronto Blue Jays,-120.0, 0.55%, 0.52%
Kansas City Royals,Singer (R),4,2-0,1.54,0.86,1-0,16.00,2.20,0.98,13,3,6-1,L2,U1,f8d7d00bfbe5c13ca697bb696e880969,2024-04-22 23:40:00+00:00,Kansas City Royals,Toronto Blue Jays,100.0, 0.50%, 0.48%
Chicago White Sox,Cannon (R),4,0-0,1.80,0.80,0-0,5.00,1.80,0.80,3,0,1-7,L3,O2,2d531c1fa87707b86d27b5efc87e1bdf,2024-04-22 23:40:00+00:00,Minnesota Twins,Chicago White Sox,170.0, 0.37%, 0.35%
Minnesota Twins,Paddack (R),5,0-1,8.36,2.07,0-1,14.00,8.36,2.07,9,4,0-3,L1,U1,2d531c1fa87707b86d27b5efc87e1bdf,2024-04-22 23:40:00+00:00,Minnesota Twins,Chicago White Sox,-220.0, 0.69%, 0.65%
Baltimore Orioles,Suarez (R),4,0-0,0.00,0.53,0-0,5.00,0.00,0.53,4,0,3-1,W2,U1,77141ed74209c93101d7a84f30dbb721,2024-04-23 01:38:00+00:00,Los Angeles Angels,Baltimore Orioles,-110.0, 0.52%, 0.50%
Los Angeles Angels,Detmers (L),4,3-0,1.19,0.97,2-0,17.00,1.02,0.96,23,0,2-2,L4,U1,77141ed74209c93101d7a84f30dbb721,2024-04-23 01:38:00+00:00,Los Angeles Angels,Baltimore Orioles,-110.0, 0.52%, 0.50%
